Workbook

Sheet Sheet1
A1: pid | B1: dsname | C1: split | D1: has_T1 | E1: vert_label | F1: is_consecutive
A2: ATL002_dir-sag_split-WS | B2: dataset-ATL | C2: val | D2: 1 | E2: [1, 2, 3, 4, 5, 6, 7, 8, 9, 10, 11, 12, 13, 14, 15, 16, 17, 18, 19, 20, 21, 22, 23, 24] | F2: 1
A3: ATL059_dir-sag_split-HWS | B3: dataset-ATL | C3: val | D3: 1 | E3: [1, 2, 3, 4, 5, 6, 7, 8] | F3: 1
A4: ATL061_dir-sag_split-HWS | B4: dataset-ATL | C4: val | D4: 1 | E4: [1, 2, 3, 4, 5, 6, 7, 8, 9, 10] | F4: 1
A5: ATL066_dir-sag_split-BWSLWS | B5: dataset-ATL | C5: val | D5: 1 | E5: [6, 7, 8, 9, 10, 11, 12, 13, 14, 15, 16, 17, 18, 19, 20, 21, 22, 23, 24] | F5: 1
A6: ATL117_dir-sag_split-BWSLWS | B6: dataset-ATL | C6: val | D6: 1 | E6: [5, 6, 8, 9, 10, 11, 12, 13, 14, 15, 16, 17, 18, 19, 20, 21, 22, 23, 24] | F6: 0
A7: ATL117_dir-sag_split-HWS | B7: dataset-ATL | C7: val | D7: 1 | E7: [1, 2, 3, 4, 5, 6, 7, 8] | F7: 1
A8: ATL125_dir-sag_split-WS | B8: dataset-ATL | C8: val | D8: 1 | E8: [1, 2, 3, 4, 5, 6, 7, 8, 9, 10, 11, 12, 13, 14, 15, 16, 17, 18, 19, 20, 21, 22, 23] | F8: 1
A9: ATL139_dir-iso_split-HWSiso | B9: dataset-ATL | C9: val | D9: 1 | E9: [1, 2, 3, 4, 5, 6, 7, 8] | F9: 1
A10: ATL206_dir-sag | B10: dataset-ATL | C10: val | D10: 1 | E10: [1, 2, 3, 4, 5, 6, 7, 8, 9, 10, 11, 12, 13, 14, 15, 16, 17, 18, 19, 20, 21, 22, 23, 24] | F10: 1
A11: ATL207_dir-sag | B11: dataset-ATL | C11: val | D11: 1 | E11: [7, 8, 9, 10, 11, 12, 13, 14, 15, 16, 17, 18, 19, 20, 21, 22, 23, 24] | F11: 1
A12: ATL224_dir-sag | B12: dataset-ATL | C12: val | D12: 1 | E12: [8, 9, 10, 11, 12, 13, 14, 15, 16, 17, 18, 19, 20, 21, 22, 23, 24] | F12: 1
A13: ATL234_dir-sag | B13: dataset-ATL | C13: val | D13: 1 | E13: [6, 7, 8, 9, 10, 11, 12, 13, 14, 15, 16, 17, 18, 19, 20, 21, 22, 23, 24] | F13: 1
... A3806: xvertseg006 | B3806: dataset-xvertsegCropped | C3806: test | D3806: 0 | E3806: [20, 21, 22, 23, 24] | F3806: 1

Sheet Statistics
A1: Absolute | B1: All | C1: Train | D1: Val | E1: Test | F1: dataset-ATL | G1: dataset-ced | H1: dataset-CSILabel | I1: dataset-ctfu1org | J1: dataset-CTSp1k | K1: dataset-fxclass | L1: dataset-gl | M1: dataset-rsna_org | N1: dataset-sagthomas | O1: dataset-tri | P1: dataset-verse19 | Q1: Dataset-verse20 | R1: dataset-xvertsegCropped
A2: Number subjects | B2: =C2+D2+E2 -> 3805 | C2: =COUNTIF(Sheet1!$C$2:$C$11496,C1) -> 2848 | D2: =COUNTIF(Sheet1!$C$2:$C$11496,D1) -> 608 | E2: =COUNTIF(Sheet1!$C$2:$C$11496,E1) -> 349 | F2: =COUNTIF(Sheet1!$B$2:$B$11496,F1) -> 202 | G2: =COUNTIF(Sheet1!$B$2:$B$11496,G1) -> 462 | H2: =COUNTIF(Sheet1!$B$2:$B$11496,H1) -> 86 | I2: =COUNTIF(Sheet1!$B$2:$B$11496,I1) -> 465 | J2: =COUNTIF(Sheet1!$B$2:$B$11496,J1) -> 883 | K2: =COUNTIF(Sheet1!$B$2:$B$11496,K1) -> 405 | L2: =COUNTIF(Sheet1!$B$2:$B$11496,L1) -> 29 | M2: =COUNTIF(Sheet1!$B$2:$B$11496,M1) -> 86 | ... R2: =COUNTIF(Sheet1!$B$2:$B$11496,R1) -> 15
A3: has_T1 | B3: =C3+D3+E3 -> 1577 | C3: =COUNTIFS(Sheet1!$C$2:$C$11496,C1,Sheet1!$D$2:$D$11496,1) -> 1204 | D3: =COUNTIFS(Sheet1!$C$2:$C$11496,D1,Sheet1!$D$2:$D$11496,1) -> 234 | E3: =COUNTIFS(Sheet1!$C$2:$C$11496,E1,Sheet1!$D$2:$D$11496,1) -> 139 | F3: =COUNTIFS(Sheet1!$B$2:$B$11496,F1,Sheet1!$D$2:$D$11496,1) -> 156 | G3: =COUNTIFS(Sheet1!$B$2:$B$11496,G1,Sheet1!$D$2:$D$11496,1) -> 66 | H3: =COUNTIFS(Sheet1!$B$2:$B$11496,H1,Sheet1!$D$2:$D$11496,1) -> 82 | I3: =COUNTIFS(Sheet1!$B$2:$B$11496,I1,Sheet1!$D$2:$D$11496,1) -> 296 | J3: =COUNTIFS(Sheet1!$B$2:$B$11496,J1,Sheet1!$D$2:$D$11496,1) -> 78 | K3: =COUNTIFS(Sheet1!$B$2:$B$11496,K1,Sheet1!$D$2:$D$11496,1) -> 194 | L3: =COUNTIFS(Sheet1!$B$2:$B$11496,L1,Sheet1!$D$2:$D$11496,1) -> 29 | M3: =COUNTIFS(Sheet1!$B$2:$B$11496,M1,Sheet1!$D$2:$D$11496,1) -> 85 | ... R3: =COUNTIFS(Sheet1!$B$2:$B$11496,R1,Sheet1!$D$2:$D$11496,1) -> 0
A4: is_consecutive | B4: =C4+D4+E4 -> 3748 | C4: =COUNTIFS(Sheet1!$C$2:$C$11496,C1,Sheet1!$F$2:$F$11496,1) -> 2802 | D4: =COUNTIFS(Sheet1!$C$2:$C$11496,D1,Sheet1!$F$2:$F$11496,1) -> 602 | E4: =COUNTIFS(Sheet1!$C$2:$C$11496,E1,Sheet1!$F$2:$F$11496,1) -> 344 | F4: =COUNTIFS(Sheet1!$B$2:$B$11496,F1,Sheet1!$F$2:$F$11496,1) -> 198 | G4: =COUNTIFS(Sheet1!$B$2:$B$11496,G1,Sheet1!$F$2:$F$11496,1) -> 461 | H4: =COUNTIFS(Sheet1!$B$2:$B$11496,H1,Sheet1!$F$2:$F$11496,1) -> 86 | I4: =COUNTIFS(Sheet1!$B$2:$B$11496,I1,Sheet1!$F$2:$F$11496,1) -> 465 | J4: =COUNTIFS(Sheet1!$B$2:$B$11496,J1,Sheet1!$F$2:$F$11496,1) -> 883 | K4: =COUNTIFS(Sheet1!$B$2:$B$11496,K1,Sheet1!$F$2:$F$11496,1) -> 381 | L4: =COUNTIFS(Sheet1!$B$2:$B$11496,L1,Sheet1!$F$2:$F$11496,1) -> 29 | M4: =COUNTIFS(Sheet1!$B$2:$B$11496,M1,Sheet1!$F$2:$F$11496,1) -> 85 | ... R4: =COUNTIFS(Sheet1!$B$2:$B$11496,R1,Sheet1!$F$2:$F$11496,1) -> 15
A5: has_T1_and_consecutive | B5: =C5+D5+E5 -> 1541 | C5: =COUNTIFS(Sheet1!$C$2:$C$11496,C1,Sheet1!$D$2:$D$11496,1,Sheet1!$F$2:$F$11496,1) -> 1176 | D5: =COUNTIFS(Sheet1!$C$2:$C$11496,D1,Sheet1!$D$2:$D$11496,1,Sheet1!$F$2:$F$11496,1) -> 229 | E5: =COUNTIFS(Sheet1!$C$2:$C$11496,E1,Sheet1!$D$2:$D$11496,1,Sheet1!$F$2:$F$11496,1) -> 136 | F5: =COUNTIFS(Sheet1!$B$2:$B$11496,F1,Sheet1!$D$2:$D$11496,1,Sheet1!$F$2:$F$11496,1) -> 152 | G5: =COUNTIFS(Sheet1!$B$2:$B$11496,G1,Sheet1!$D$2:$D$11496,1,Sheet1!$F$2:$F$11496,1) -> 65 | H5: =COUNTIFS(Sheet1!$B$2:$B$11496,H1,Sheet1!$D$2:$D$11496,1,Sheet1!$F$2:$F$11496,1) -> 82 | I5: =COUNTIFS(Sheet1!$B$2:$B$11496,I1,Sheet1!$D$2:$D$11496,1,Sheet1!$F$2:$F$11496,1) -> 296 | J5: =COUNTIFS(Sheet1!$B$2:$B$11496,J1,Sheet1!$D$2:$D$11496,1,Sheet1!$F$2:$F$11496,1) -> 78 | K5: =COUNTIFS(Sheet1!$B$2:$B$11496,K1,Sheet1!$D$2:$D$11496,1,Sheet1!$F$2:$F$11496,1) -> 178 | L5: =COUNTIFS(Sheet1!$B$2:$B$11496,L1,Sheet1!$D$2:$D$11496,1,Sheet1!$F$2:$F$11496,1) -> 29 | M5: =COUNTIFS(Sheet1!$B$2:$B$11496,M1,Sheet1!$D$2:$D$11496,1,Sheet1!$F$2:$F$11496,1) -> 84 | ... R5: =COUNTIFS(Sheet1!$B$2:$B$11496,R1,Sheet1!$D$2:$D$11496,1,Sheet1!$F$2:$F$11496,1) -> 0
A6: in_train_split | B6: =C6+D6+E6 -> 2848 | C6: =COUNTIFS(Sheet1!$C$2:$C$11496,C1,Sheet1!$C$2:$C$11496,$C$1) -> 2848 | D6: =COUNTIFS(Sheet1!$C$2:$C$11496,D1,Sheet1!$C$2:$C$11496,$C$1) -> 0 | E6: =COUNTIFS(Sheet1!$C$2:$C$11496,E1,Sheet1!$C$2:$C$11496,$C$1) -> 0 | F6: =COUNTIFS(Sheet1!$B$2:$B$11496,F1,Sheet1!$C$2:$C$11496,$C$1) -> 168 | G6: =COUNTIFS(Sheet1!$B$2:$B$11496,G1,Sheet1!$C$2:$C$11496,$C$1) -> 342 | H6: =COUNTIFS(Sheet1!$B$2:$B$11496,H1,Sheet1!$C$2:$C$11496,$C$1) -> 63 | I6: =COUNTIFS(Sheet1!$B$2:$B$11496,I1,Sheet1!$C$2:$C$11496,$C$1) -> 370 | J6: =COUNTIFS(Sheet1!$B$2:$B$11496,J1,Sheet1!$C$2:$C$11496,$C$1) -> 616 | K6: =COUNTIFS(Sheet1!$B$2:$B$11496,K1,Sheet1!$C$2:$C$11496,$C$1) -> 284 | L6: =COUNTIFS(Sheet1!$B$2:$B$11496,L1,Sheet1!$C$2:$C$11496,$C$1) -> 20 | M6: =COUNTIFS(Sheet1!$B$2:$B$11496,M1,Sheet1!$C$2:$C$11496,$C$1) -> 60 | ... R6: =COUNTIFS(Sheet1!$B$2:$B$11496,R1,Sheet1!$C$2:$C$11496,$C$1) -> 10
A7: in_val_split | B7: =C7+D7+E7 -> 608 | C7: =COUNTIFS(Sheet1!$C$2:$C$11496,C1,Sheet1!$C$2:$C$11496,$D$1) -> 0 | D7: =COUNTIFS(Sheet1!$C$2:$C$11496,D1,Sheet1!$C$2:$C$11496,$D$1) -> 608 | E7: =COUNTIFS(Sheet1!$C$2:$C$11496,E1,Sheet1!$C$2:$C$11496,$D$1) -> 0 | F7: =COUNTIFS(Sheet1!$B$2:$B$11496,F1,Sheet1!$C$2:$C$11496,$D$1) -> 19 | G7: =COUNTIFS(Sheet1!$B$2:$B$11496,G1,Sheet1!$C$2:$C$11496,$D$1) -> 80 | H7: =COUNTIFS(Sheet1!$B$2:$B$11496,H1,Sheet1!$C$2:$C$11496,$D$1) -> 16 | I7: =COUNTIFS(Sheet1!$B$2:$B$11496,I1,Sheet1!$C$2:$C$11496,$D$1) -> 56 | J7: =COUNTIFS(Sheet1!$B$2:$B$11496,J1,Sheet1!$C$2:$C$11496,$D$1) -> 179 | K7: =COUNTIFS(Sheet1!$B$2:$B$11496,K1,Sheet1!$C$2:$C$11496,$D$1) -> 78 | L7: =COUNTIFS(Sheet1!$B$2:$B$11496,L1,Sheet1!$C$2:$C$11496,$D$1) -> 6 | M7: =COUNTIFS(Sheet1!$B$2:$B$11496,M1,Sheet1!$C$2:$C$11496,$D$1) -> 17 | ... R7: =COUNTIFS(Sheet1!$B$2:$B$11496,R1,Sheet1!$C$2:$C$11496,$D$1) -> 3
A8: in_test_split | B8: =C8+D8+E8 -> 349 | C8: =COUNTIFS(Sheet1!$C$2:$C$11496,C1,Sheet1!$C$2:$C$11496,$E$1) -> 0 | D8: =COUNTIFS(Sheet1!$C$2:$C$11496,D1,Sheet1!$C$2:$C$11496,$E$1) -> 0 | E8: =COUNTIFS(Sheet1!$C$2:$C$11496,E1,Sheet1!$C$2:$C$11496,$E$1) -> 349 | F8: =COUNTIFS(Sheet1!$B$2:$B$11496,F1,Sheet1!$C$2:$C$11496,$E$1) -> 15 | G8: =COUNTIFS(Sheet1!$B$2:$B$11496,G1,Sheet1!$C$2:$C$11496,$E$1) -> 40 | H8: =COUNTIFS(Sheet1!$B$2:$B$11496,H1,Sheet1!$C$2:$C$11496,$E$1) -> 7 | I8: =COUNTIFS(Sheet1!$B$2:$B$11496,I1,Sheet1!$C$2:$C$11496,$E$1) -> 39 | J8: =COUNTIFS(Sheet1!$B$2:$B$11496,J1,Sheet1!$C$2:$C$11496,$E$1) -> 88 | K8: =COUNTIFS(Sheet1!$B$2:$B$11496,K1,Sheet1!$C$2:$C$11496,$E$1) -> 43 | L8: =COUNTIFS(Sheet1!$B$2:$B$11496,L1,Sheet1!$C$2:$C$11496,$E$1) -> 3 | M8: =COUNTIFS(Sheet1!$B$2:$B$11496,M1,Sheet1!$C$2:$C$11496,$E$1) -> 9 | ... R8: =COUNTIFS(Sheet1!$B$2:$B$11496,R1,Sheet1!$C$2:$C$11496,$E$1) -> 2
A10: Rel_to_subjects
A11: has_T1 | B11: =ROUND(B3 / B$2, 4) * 100 -> 41.45 | C11: =ROUND(C3 / C$2, 4) * 100 -> 42.28 | D11: =ROUND(D3 / D$2, 4) * 100 -> 38.49 | E11: =ROUND(E3 / E$2, 4) * 100 -> 39.83 | F11: =ROUND(F3 / F$2, 4) * 100 -> 77.23 | G11: =ROUND(G3 / G$2, 4) * 100 -> 14.29 | H11: =ROUND(H3 / H$2, 4) * 100 -> 95.35 | I11: =ROUND(I3 / I$2, 4) * 100 -> 63.66 | ... R11: =ROUND(R3 / R$2, 4) * 100 -> 0
A12: is_consecutive | B12: =ROUND(B4 / B$2, 4) * 100 -> 98.5 | C12: =ROUND(C4 / C$2, 4) * 100 -> 98.38 | D12: =ROUND(D4 / D$2, 4) * 100 -> 99.01 | E12: =ROUND(E4 / E$2, 4) * 100 -> 98.57 | F12: =ROUND(F4 / F$2, 4) * 100 -> 98.02 | G12: =ROUND(G4 / G$2, 4) * 100 -> 99.78 | H12: =ROUND(H4 / H$2, 4) * 100 -> 100 | I12: =ROUND(I4 / I$2, 4) * 100 -> 100 | ... R12: =ROUND(R4 / R$2, 4) * 100 -> 100
A13: has_T1_and_consecutive | B13: =ROUND(B5 / B$2, 4) * 100 -> 40.5 | C13: =ROUND(C5 / C$2, 4) * 100 -> 41.29 | D13: =ROUND(D5 / D$2, 4) * 100 -> 37.66 | E13: =ROUND(E5 / E$2, 4) * 100 -> 38.97 | F13: =ROUND(F5 / F$2, 4) * 100 -> 75.25 | G13: =ROUND(G5 / G$2, 4) * 100 -> 14.07 | H13: =ROUND(H5 / H$2, 4) * 100 -> 95.35 | I13: =ROUND(I5 / I$2, 4) * 100 -> 63.66 | ... R13: =ROUND(R5 / R$2, 4) * 100 -> 0
A14: in_train_split | B14: =ROUND(B6 / B$2, 4) * 100 -> 74.85 | C14: =ROUND(C6 / C$2, 4) * 100 -> 100 | D14: =ROUND(D6 / D$2, 4) * 100 -> 0 | E14: =ROUND(E6 / E$2, 4) * 100 -> 0 | F14: =ROUND(F6 / F$2, 4) * 100 -> 83.17 | G14: =ROUND(G6 / G$2, 4) * 100 -> 74.03 | H14: =ROUND(H6 / H$2, 4) * 100 -> 73.26 | I14: =ROUND(I6 / I$2, 4) * 100 -> 79.57 | ... R14: =ROUND(R6 / R$2, 4) * 100 -> 66.67
A15: in_val_split | B15: =ROUND(B7 / B$2, 4) * 100 -> 15.98 | C15: =ROUND(C7 / C$2, 4) * 100 -> 0 | D15: =ROUND(D7 / D$2, 4) * 100 -> 100 | E15: =ROUND(E7 / E$2, 4) * 100 -> 0 | F15: =ROUND(F7 / F$2, 4) * 100 -> 9.41 | G15: =ROUND(G7 / G$2, 4) * 100 -> 17.32 | H15: =ROUND(H7 / H$2, 4) * 100 -> 18.6 | I15: =ROUND(I7 / I$2, 4) * 100 -> 12.04 | ... R15: =ROUND(R7 / R$2, 4) * 100 -> 20
A16: in_test_split | B16: =ROUND(B8 / B$2, 4) * 100 -> 9.17 | C16: =ROUND(C8 / C$2, 4) * 100 -> 0 | D16: =ROUND(D8 / D$2, 4) * 100 -> 0 | E16: =ROUND(E8 / E$2, 4) * 100 -> 100 | F16: =ROUND(F8 / F$2, 4) * 100 -> 7.43 | G16: =ROUND(G8 / G$2, 4) * 100 -> 8.66 | H16: =ROUND(H8 / H$2, 4) * 100 -> 8.14 | I16: =ROUND(I8 / I$2, 4) * 100 -> 8.39 | ... R16: =ROUND(R8 / R$2, 4) * 100 -> 13.33
